trip_id,fare_amount,pickup_datetime,passenger_count,pickup_latitude,pickup_longitude,drop_latitude,drop_longitude
1,218.54,2024-01-01 00:00:00,2,18.435069,73.938961,18.560593,73.728157
2,477.82,2024-01-01 01:00:00,3,18.68195,73.844457,18.464561,73.972888
3,379.4,2024-01-01 02:00:00,1,18.588312,73.735192,18.403636,73.90076
4,319.4,2024-01-01 03:00:00,1,18.500472,73.737556,18.47236,73.948786
5,120.21,2024-01-01 04:00:00,1,18.441782,73.90567,18.692762,73.963694
6,120.2,2024-01-01 05:00:00,1,18.638208,73.829092,18.640461,73.871532
7,76.14,2024-01-01 06:00:00,4,18.586022,73.760157,18.687873,73.855234
8,439.78,2024-01-01 07:00:00,1,18.560038,73.847478,18.546356,73.829128
9,320.5,2024-01-01 08:00:00,4,18.668168,73.719263,18.432921,73.795084
10,368.63,2024-01-01 09:00:00,4,18.636579,73.874591,18.564388,73.830379
11,59.26,2024-01-01 10:00:00,1,18.445502,73.780698,18.536313,73.932164
12,486.46,2024-01-01 11:00:00,1,18.493517,73.939268,18.653307,73.880577
13,424.6,2024-01-01 12:00:00,2,18.474547,73.793109,18.429425,73.967757
14,145.55,2024-01-01 13:00:00,3,18.623184,73.836566,18.546472,73.833014
15,131.82,2024-01-01 14:00:00,1,18.41006,73.703486,18.445015,73.882127
16,132.53,2024-01-01 15:00:00,2,18.570967,73.721734,18.497403,73.889392
17,186.91,2024-01-01 16:00:00,2,18.628738,73.817748,18.621207,73.877509
18,286.14,2024-01-01 17:00:00,3,18.66303,73.843982,18.542805,73.91079
19,244.38,2024-01-01 18:00:00,4,18.502625,73.880006,18.512766,73.77123
20,181.05,2024-01-01 19:00:00,1,18.646377,73.787499,18.518343,73.853709
21,325.33,2024-01-01 20:00:00,3,18.43319,73.908495,18.537834,73.731267
22,112.77,2024-01-01 21:00:00,1,18.653936,73.958037,18.635505,73.815353
23,181.47,2024-01-01 22:00:00,2,18.438247,73.933955,18.667625,73.8463
24,214.86,2024-01-01 23:00:00,2,18.519186,73.711886,18.6866,73.895667
25,255.23,2024-01-02 00:00:00,4,18.639189,73.844152,18.636071,73.985159
26,403.33,2024-01-02 01:00:00,2,18.444975,73.731479,18.494622,73.880195
27,139.85,2024-01-02 02:00:00,2,18.468775,73.772614,18.60644,73.923078
28,281.41,2024-01-02 03:00:00,3,18.616676,73.995999,18.531281,73.85188
29,316.59,2024-01-02 04:00:00,1,18.616011,73.742749,18.476401,73.890231
30,70.9,2024-01-02 05:00:00,1,18.592344,73.849666,18.652261,73.72128
31,323.4,2024-01-02 06:00:00,3,18.608185,73.885447,18.411528,73.776317
32,126.74,2024-01-02 07:00:00,4,18.562817,73.910739,18.670529,73.808556
33,79.27,2024-01-02 08:00:00,1,18.47554,73.867895,18.538443,73.841748
34,477.0,2024-01-02 09:00:00,2,18.503709,73.702931,18.59116,73.713695
35,484.53,2024-01-02 10:00:00,1,18.454479,73.797938,18.597806,73.742007
36,413.78,2024-01-02 11:00:00,2,18.672535,73.855313,18.668535,73.783044
37,187.08,2024-01-02 12:00:00,4,18.575018,73.72636,18.591001,73.99146
38,93.95,2024-01-02 13:00:00,3,18.520255,73.805188,18.58418,73.799404
39,357.9,2024-01-02 14:00:00,1,18.538602,73.709961,18.419996,73.844612
40,248.07,2024-01-02 15:00:00,3,18.684185,73.723574,18.555522,73.758829
41,104.92,2024-01-02 16:00:00,1,18.446005,73.819077,18.445051,73.883234
42,272.83,2024-01-02 17:00:00,2,18.575869,73.739815,18.62123,73.784205
43,65.47,2024-01-02 18:00:00,3,18.551767,73.870262,18.553667,73.762098
44,459.19,2024-01-02 19:00:00,1,18.583436,73.906839,18.604068,73.854972
45,166.45,2024-01-02 20:00:00,2,18.405433,73.940176,18.412502,73.701652
46,348.14,2024-01-02 21:00:00,3,18.661637,73.760045,18.425438,73.702299
47,190.27,2024-01-02 22:00:00,3,18.679635,73.750245,18.614897,73.765721
48,284.03,2024-01-02 23:00:00,1,18.56954,73.73137,18.421625,73.711016
49,296.02,2024-01-03 00:00:00,1,18.608995,73.890929,18.421377,73.732408
50,133.18,2024-01-03 01:00:00,1,18.67675,73.911943,18.403633,73.801658
51,486.31,2024-01-03 02:00:00,2,18.612172,73.709476,18.68695,73.940776
52,398.81,2024-01-03 03:00:00,1,18.445762,73.980864,18.621253,73.871615
53,472.77,2024-01-03 04:00:00,3,18.572887,73.715591,18.505975,73.8538
54,452.67,2024-01-03 05:00:00,3,18.582015,73.862389,18.488961,73.788047
55,319.05,2024-01-03 06:00:00,1,18.527239,73.912718,18.504911,73.979526
56,464.84,2024-01-03 07:00:00,1,18.620933,73.961291,18.632396,73.819105
57,89.82,2024-01-03 08:00:00,4,18.68031,73.914226,18.598411,73.726128
58,138.19,2024-01-03 09:00:00,3,18.677671,73.940518,18.455559,73.88512
59,70.35,2024-01-03 10:00:00,2,18.535252,73.801835,18.452233,73.734152
60,196.4,2024-01-03 11:00:00,4,18.433971,73.944448,18.429519,73.803567
61,224.9,2024-01-03 12:00:00,1,18.695452,73.724034,18.598091,73.852224
62,172.11,2024-01-03 13:00:00,1,18.651669,73.968445,18.629312,73.962267
63,422.93,2024-01-03 14:00:00,3,18.437399,73.864278,18.479514,73.848064
64,210.54,2024-01-03 15:00:00,1,18.676253,73.945189,18.406283,73.910678
65,176.42,2024-01-03 16:00:00,2,18.660969,73.835695,18.424652,73.997845
66,294.21,2024-01-03 17:00:00,3,18.555651,73.893073,18.690358,73.739447
67,113.42,2024-01-03 18:00:00,1,18.577383,73.857921,18.488633,73.782419
68,410.99,2024-01-03 19:00:00,3,18.519701,73.919477,18.630767,73.818373
69,83.55,2024-01-03 20:00:00,1,18.416428,73.724489,18.587399,73.826548
70,494.1,2024-01-03 21:00:00,1,18.500559,73.718106,18.514582,73.823306
71,397.51,2024-01-03 22:00:00,1,18.640856,73.774131,18.461706,73.972283
72,139.42,2024-01-03 23:00:00,2,18.40139,73.747863,18.436416,73.91421
73,52.48,2024-01-04 00:00:00,2,18.50005,73.961535,18.584504,73.882372
74,416.96,2024-01-04 01:00:00,3,18.519451,73.765764,18.63239,73.792812
75,368.09,2024-01-04 02:00:00,1,18.561219,73.99276,18.593171,73.947137
76,378.05,2024-01-04 03:00:00,1,18.675957,73.801069,18.559091,73.986518
77,397.07,2024-01-04 04:00:00,2,18.503904,73.754635,18.412585,73.946359
78,83.32,2024-01-04 05:00:00,1,18.504086,73.93691,18.690547,73.70047
79,211.31,2024-01-04 06:00:00,2,18.62125,73.897612,18.639614,73.89092
80,102.14,2024-01-04 07:00:00,1,18.535665,73.849459,18.487847,73.715341
81,438.4,2024-01-04 08:00:00,3,18.467381,73.866609,18.693991,73.777282
82,330.48,2024-01-04 09:00:00,1,18.535732,73.915761,18.580564,73.717857
83,198.9,2024-01-04 10:00:00,1,18.442257,73.768536,18.574727,73.881139
84,78.6,2024-01-04 11:00:00,4,18.452916,73.9989,18.624422,73.905977
85,189.94,2024-01-04 12:00:00,2,18.54951,73.992438,18.643531,73.734346
86,196.33,2024-01-04 13:00:00,1,18.525678,73.895098,18.596944,73.815152
87,378.32,2024-01-04 14:00:00,1,18.674454,73.759863,18.438429,73.836871
88,336.9,2024-01-04 15:00:00,4,18.508718,73.904068,18.50148,73.810716
89,449.25,2024-01-04 16:00:00,4,18.574177,73.72166,18.678425,73.736308
90,262.5,2024-01-04 17:00:00,2,18.589679,73.709196,18.467385,73.825684
91,103.82,2024-01-04 18:00:00,4,18.403928,73.777305,18.51165,73.925353
92,370.96,2024-01-04 19:00:00,3,18.599061,73.838787,18.529623,73.721302
93,392.35,2024-01-04 20:00:00,4,18.453411,73.960482,18.531821,73.724054
94,302.57,2024-01-04 21:00:00,3,18.688321,73.918151,18.583882,73.806431
95,396.94,2024-01-04 22:00:00,2,18.444599,73.922812,18.682923,73.982518
96,272.21,2024-01-04 23:00:00,2,18.524387,73.827648,18.472208,73.900572
97,285.23,2024-01-05 00:00:00,2,18.425605,73.80378,18.43645,73.903601
98,242.39,2024-01-05 01:00:00,2,18.699062,73.811312,18.459241,73.808576
99,61.44,2024-01-05 02:00:00,2,18.550659,73.996295,18.666077,73.878098
100,98.55,2024-01-05 03:00:00,3,18.578616,73.712033,18.593743,73.703039
101,64.14,2024-01-05 04:00:00,3,18.420123,73.960109,18.485772,73.890829
102,336.38,2024-01-05 05:00:00,2,18.624988,73.873603,18.644784,73.973986
103,191.46,2024-01-05 06:00:00,4,18.462972,73.831585,18.658411,73.883772
104,278.86,2024-01-05 07:00:00,1,18.669416,73.917577,18.653954,73.96211
105,458.4,2024-01-05 08:00:00,2,18.461542,73.846001,18.675678,73.917192
106,162.18,2024-01-05 09:00:00,4,18.457206,73.962027,18.475672,73.736168
107,234.67,2024-01-05 10:00:00,1,18.410965,73.970211,18.626513,73.970736
108,390.0,2024-01-05 11:00:00,2,18.54162,73.826516,18.538162,73.719933
109,152.96,2024-01-05 12:00:00,2,18.569452,73.783048,18.6526,73.86019
110,84.64,2024-01-05 13:00:00,3,18.419713,73.877705,18.618547,73.742641
111,180.39,2024-01-05 14:00:00,1,18.632658,73.973709,18.632934,73.703512
112,122.55,2024-01-05 15:00:00,1,18.535987,73.763199,18.596849,73.82661
113,468.36,2024-01-05 16:00:00,4,18.557317,73.88689,18.453229,73.788512
114,413.65,2024-01-05 17:00:00,3,18.532229,73.889468,18.563508,73.8458
115,335.03,2024-01-05 18:00:00,3,18.520229,73.919934,18.695401,73.87316
116,442.16,2024-01-05 19:00:00,3,18.567892,73.73947,18.681216,73.713122
117,411.65,2024-01-05 20:00:00,3,18.446572,73.914747,18.412952,73.736901
118,133.96,2024-01-05 21:00:00,1,18.454578,73.97271,18.449444,73.867593
119,451.65,2024-01-05 22:00:00,1,18.658536,73.753905,18.439519,73.80295
120,292.7,2024-01-05 23:00:00,2,18.683835,73.771263,18.617794,73.918752
121,413.35,2024-01-06 00:00:00,2,18.511993,73.991419,18.645336,73.895687
122,453.24,2024-01-06 01:00:00,3,18.481223,73.754293,18.464053,73.953681
123,193.1,2024-01-06 02:00:00,3,18.5932,73.956316,18.551756,73.907748
124,99.52,2024-01-06 03:00:00,3,18.52262,73.847683,18.652211,73.828979
125,152.57,2024-01-06 04:00:00,2,18.407616,73.774169,18.61984,73.90189
126,242.2,2024-01-06 05:00:00,4,18.446846,73.961225,18.562671,73.782614
127,418.11,2024-01-06 06:00:00,4,18.614792,73.833592,18.577104,73.791894
128,437.33,2024-01-06 07:00:00,2,18.597677,73.854445,18.552508,73.936696
129,53.13,2024-01-06 08:00:00,2,18.408129,73.80777,18.489265,73.833926
130,279.84,2024-01-06 09:00:00,2,18.466592,73.877885,18.569507,73.939514
131,237.83,2024-01-06 10:00:00,2,18.469322,73.749057,18.606666,73.946727
132,149.95,2024-01-06 11:00:00,2,18.601568,73.817324,18.661997,73.957269
133,103.94,2024-01-06 12:00:00,2,18.405913,73.990824,18.590887,73.974991
134,201.93,2024-01-06 13:00:00,3,18.431233,73.77744,18.628336,73.829296
135,474.31,2024-01-06 14:00:00,3,18.639975,73.897021,18.448021,73.79566
136,195.44,2024-01-06 15:00:00,3,18.453563,73.797557,18.538467,73.87466
137,283.46,2024-01-06 16:00:00,3,18.595824,73.932042,18.402799,73.811352
138,366.36,2024-01-06 17:00:00,2,18.471455,73.739262,18.474004,73.880322
139,213.63,2024-01-06 18:00:00,4,18.429832,73.990946,18.617939,73.911676
140,487.3,2024-01-06 19:00:00,1,18.472952,73.836137,18.697543,73.906522
141,483.1,2024-01-06 20:00:00,2,18.61668,73.770815,18.429753,73.812366
142,163.3,2024-01-06 21:00:00,1,18.656709,73.722049,18.520448,73.750058
143,273.76,2024-01-06 22:00:00,4,18.649066,73.750927,18.640021,73.829159
144,185.4,2024-01-06 23:00:00,3,18.519155,73.855932,18.461211,73.742778
145,178.18,2024-01-07 00:00:00,4,18.600426,73.801101,18.566525,73.967029
146,66.6,2024-01-07 01:00:00,2,18.461495,73.948665,18.619921,73.803763
147,324.3,2024-01-07 02:00:00,3,18.487944,73.829266,18.584796,73.746338
148,276.21,2024-01-07 03:00:00,2,18.668901,73.774614,18.456407,73.707634
149,73.17,2024-01-07 04:00:00,3,18.403901,73.885143,18.506615,73.893747
150,175.39,2024-01-07 05:00:00,1,18.425653,73.912033,18.635138,73.891071
151,458.72,2024-01-07 06:00:00,1,18.462366,73.750113,18.566268,73.802181
152,157.8,2024-01-07 07:00:00,1,18.40796,73.750286,18.401569,73.721514
153,115.2,2024-01-07 08:00:00,4,18.454431,73.711001,18.628297,73.822889
154,270.25,2024-01-07 09:00:00,2,18.574912,73.920921,18.410593,73.793365
155,493.54,2024-01-07 10:00:00,4,18.526427,73.899141,18.62372,73.903136
156,158.92,2024-01-07 11:00:00,1,18.667802,73.842389,18.460744,73.881734
157,352.46,2024-01-07 12:00:00,2,18.645233,73.953251,18.687422,73.809378
158,392.73,2024-01-07 13:00:00,1,18.502545,73.941701,18.510382,73.765368
159,156.94,2024-01-07 14:00:00,4,18.477827,73.875606,18.498079,73.996411
160,377.7,2024-01-07 15:00:00,4,18.513908,73.960481,18.444666,73.8362
161,215.5,2024-01-07 16:00:00,4,18.577088,73.761752,18.491681,73.906482
162,334.54,2024-01-07 17:00:00,1,18.480419,73.733576,18.662995,73.742166
163,335.09,2024-01-07 18:00:00,2,18.587245,73.780925,18.6989,73.845677
164,291.1,2024-01-07 19:00:00,2,18.522823,73.717126,18.510493,73.708261
165,90.63,2024-01-07 20:00:00,1,18.565614,73.859351,18.534583,73.851637
166,425.89,2024-01-07 21:00:00,2,18.530838,73.980982,18.616621,73.989205
167,194.35,2024-01-07 22:00:00,1,18.48834,73.711803,18.665859,73.815262
168,133.93,2024-01-07 23:00:00,2,18.684536,73.736633,18.577913,73.711699
169,68.35,2024-01-08 00:00:00,3,18.629082,73.83566,18.517458,73.709287
170,315.9,2024-01-08 01:00:00,3,18.442034,73.980163,18.523787,73.816396
171,354.9,2024-01-08 02:00:00,4,18.66054,73.794847,18.608685,73.748007
172,57.46,2024-01-08 03:00:00,3,18.546229,73.85217,18.400965,73.707006
173,280.44,2024-01-08 04:00:00,3,18.668366,73.712472,18.585877,73.926864
174,151.92,2024-01-08 05:00:00,3,18.639957,73.744503,18.506648,73.837557
175,340.33,2024-01-08 06:00:00,1,18.527564,73.995989,18.638259,73.786773
176,128.46,2024-01-08 07:00:00,3,18.406741,73.989536,18.427897,73.970025
177,360.92,2024-01-08 08:00:00,3,18.480603,73.701482,18.576461,73.734842
178,224.03,2024-01-08 09:00:00,4,18.56249,73.985544,18.544292,73.986776
179,471.53,2024-01-08 10:00:00,3,18.590043,73.891736,18.592698,73.79419
180,111.88,2024-01-08 11:00:00,3,18.477366,73.960375,18.419456,73.966521
181,203.48,2024-01-08 12:00:00,2,18.441807,73.836422,18.573995,73.880883
182,101.06,2024-01-08 13:00:00,4,18.650479,73.854679,18.568445,73.948012
183,466.11,2024-01-08 14:00:00,4,18.695321,73.846654,18.568198,73.995204
184,444.8,2024-01-08 15:00:00,4,18.557707,73.900059,18.581046,73.786522
185,166.07,2024-01-08 16:00:00,4,18.451504,73.741895,18.60294,73.988341
186,346.99,2024-01-08 17:00:00,4,18.481692,73.708992,18.641497,73.816845
187,417.75,2024-01-08 18:00:00,4,18.405517,73.792379,18.480946,73.815654
188,299.84,2024-01-08 19:00:00,1,18.67429,73.911404,18.647515,73.802116
189,288.34,2024-01-08 20:00:00,3,18.435325,73.760556,18.549477,73.862422
190,158.83,2024-01-08 21:00:00,4,18.572955,73.90203,18.423117,73.746244
191,91.9,2024-01-08 22:00:00,3,18.482217,73.990974,18.417565,73.866113
192,453.75,2024-01-08 23:00:00,3,18.566253,73.72817,18.500271,73.862511
193,455.19,2024-01-09 00:00:00,1,18.595426,73.901781,18.635469,73.928571
194,334.9,2024-01-09 01:00:00,4,18.648923,73.833125,18.612304,73.950095
195,202.56,2024-01-09 02:00:00,2,18.461926,73.960443,18.636584,73.832132
196,207.14,2024-01-09 03:00:00,1,18.403299,73.753145,18.555181,73.7907
197,376.68,2024-01-09 04:00:00,2,18.441066,73.907788,18.53206,73.7778
198,453.7,2024-01-09 05:00:00,3,18.670006,73.951435,18.444236,73.758387
199,449.19,2024-01-09 06:00:00,3,18.662167,73.983384,18.498458,73.717294
200,400.94,2024-01-09 07:00:00,1,18.579224,73.904974,18.530206,73.802734
201,338.91,2024-01-09 08:00:00,1,18.580155,73.849152,18.42658,73.781074
202,87.86,2024-01-09 09:00:00,2,18.599511,73.885354,18.466184,73.989925
203,122.73,2024-01-09 10:00:00,4,18.452611,73.960671,18.579468,73.867313
204,454.35,2024-01-09 11:00:00,2,18.674324,73.871183,18.620699,73.804183
205,322.89,2024-01-09 12:00:00,1,18.525631,73.709116,18.699504,73.87414
206,54.14,2024-01-09 13:00:00,2,18.514942,73.979285,18.679934,73.741759
207,95.66,2024-01-09 14:00:00,1,18.555675,73.906858,18.59277,73.833213
208,348.58,2024-01-09 15:00:00,2,18.41409,73.902954,18.526374,73.88787
209,52.28,2024-01-09 16:00:00,1,18.449885,73.764703,18.590853,73.846669
210,122.36,2024-01-09 17:00:00,1,18.62141,73.897666,18.635695,73.820534
211,296.93,2024-01-09 18:00:00,1,18.42484,73.818159,18.435501,73.998155
212,361.35,2024-01-09 19:00:00,4,18.580946,73.89537,18.522971,73.964094
213,343.38,2024-01-09 20:00:00,2,18.473605,73.731978,18.651941,73.887022
214,150.92,2024-01-09 21:00:00,2,18.516789,73.897354,18.51515,73.870813
215,370.48,2024-01-09 22:00:00,2,18.486608,73.999824,18.571562,73.886198
216,156.76,2024-01-09 23:00:00,1,18.506702,73.714464,18.576331,73.760394
217,196.43,2024-01-10 00:00:00,2,18.615714,73.993152,18.455343,73.818541
218,385.92,2024-01-10 01:00:00,2,18.489137,73.822072,18.508671,73.711838
219,342.33,2024-01-10 02:00:00,1,18.569921,73.961226,18.500353,73.842664
220,432.15,2024-01-10 03:00:00,3,18.542815,73.934716,18.407859,73.862907
221,345.93,2024-01-10 04:00:00,1,18.599101,73.870105,18.407258,73.768325
222,305.74,2024-01-10 05:00:00,2,18.681049,73.921535,18.649509,73.989209
223,92.15,2024-01-10 06:00:00,1,18.619772,73.963555,18.481921,73.972836
224,215.47,2024-01-10 07:00:00,3,18.464482,73.821242,18.555424,73.916643
225,169.34,2024-01-10 08:00:00,1,18.409355,73.79811,18.489618,73.860016
226,159.8,2024-01-10 09:00:00,2,18.478679,73.900278,18.682204,73.960991
227,487.85,2024-01-10 10:00:00,3,18.578523,73.942354,18.477789,73.739196
228,226.89,2024-01-10 11:00:00,4,18.415428,73.928686,18.528897,73.937153
229,451.42,2024-01-10 12:00:00,2,18.54891,73.939344,18.661819,73.737446
230,334.01,2024-01-10 13:00:00,3,18.579053,73.830675,18.65258,73.938263
231,407.67,2024-01-10 14:00:00,3,18.500273,73.94535,18.45583,73.78273
232,276.19,2024-01-10 15:00:00,4,18.631274,73.736063,18.640793,73.963127
233,309.61,2024-01-10 16:00:00,1,18.431979,73.863347,18.537456,73.983213
234,271.63,2024-01-10 17:00:00,1,18.422541,73.701728,18.544891,73.744639
235,137.86,2024-01-10 18:00:00,2,18.618457,73.797376,18.440044,73.838803
236,375.1,2024-01-10 19:00:00,4,18.548647,73.809938,18.42418,73.994296
237,176.35,2024-01-10 20:00:00,1,18.606521,73.818852,18.618382,73.845022
238,60.94,2024-01-10 21:00:00,4,18.530448,73.90864,18.548938,73.959064
239,340.46,2024-01-10 22:00:00,1,18.473921,73.816567,18.531055,73.876619
240,129.7,2024-01-10 23:00:00,3,18.645731,73.834608,18.618852,73.812599
241,473.21,2024-01-11 00:00:00,1,18.639825,73.771263,18.629654,73.785735
242,479.27,2024-01-11 01:00:00,4,18.608409,73.811976,18.447672,73.760967
243,461.69,2024-01-11 02:00:00,3,18.481644,73.768181,18.583068,73.928539
244,216.57,2024-01-11 03:00:00,3,18.577069,73.721959,18.440606,73.815962
245,56.96,2024-01-11 04:00:00,3,18.508292,73.881035,18.625413,73.853383
246,467.74,2024-01-11 05:00:00,4,18.427475,73.900464,18.597087,73.847698
247,242.68,2024-01-11 06:00:00,2,18.675194,73.885847,18.686984,73.873184
248,484.99,2024-01-11 07:00:00,2,18.441046,73.839048,18.420687,73.959673
249,483.63,2024-01-11 08:00:00,2,18.685071,73.813936,18.417116,73.994222
250,433.85,2024-01-11 09:00:00,4,18.533802,73.959,18.484656,73.822275
251,182.5,2024-01-11 10:00:00,3,18.45554,73.855725,18.478512,73.948256
252,223.29,2024-01-11 11:00:00,2,18.56257,73.843755,18.474094,73.929358
253,433.01,2024-01-11 12:00:00,4,18.661884,73.707693,18.671876,73.872059
254,192.61,2024-01-11 13:00:00,2,18.619667,73.802374,18.474864,73.986814
255,126.27,2024-01-11 14:00:00,1,18.641968,73.814059,18.481585,73.760142
256,300.56,2024-01-11 15:00:00,2,18.597635,73.819647,18.627819,73.732779
257,471.27,2024-01-11 16:00:00,2,18.607683,73.874052,18.534922,73.956189
258,363.21,2024-01-11 17:00:00,3,18.654759,73.860081,18.633013,73.831745
259,306.53,2024-01-11 18:00:00,4,18.4749,73.882372,18.41961,73.954091
260,93.73,2024-01-11 19:00:00,3,18.546827,73.929465,18.546271,73.967927
261,326.75,2024-01-11 20:00:00,3,18.466363,73.943896,18.410084,73.718737
262,495.52,2024-01-11 21:00:00,3,18.6963,73.915437,18.418796,73.965039
263,113.04,2024-01-11 22:00:00,3,18.683218,73.986657,18.671931,73.834496
264,283.25,2024-01-11 23:00:00,3,18.411828,73.70547,18.441774,73.85313
265,444.82,2024-01-12 00:00:00,2,18.611673,73.758733,18.559726,73.887978
266,383.35,2024-01-12 01:00:00,3,18.677574,73.702269,18.523329,73.977915
267,363.66,2024-01-12 02:00:00,3,18.454173,73.894242,18.504203,73.705735
268,366.12,2024-01-12 03:00:00,4,18.570384,73.969409,18.66995,73.843053
269,211.77,2024-01-12 04:00:00,1,18.674646,73.773045,18.406547,73.906317
270,182.12,2024-01-12 05:00:00,2,18.410184,73.97811,18.599137,73.916812
271,414.21,2024-01-12 06:00:00,2,18.609226,73.71808,18.689018,73.90776
272,414.55,2024-01-12 07:00:00,2,18.489205,73.980331,18.56805,73.740331
273,440.18,2024-01-12 08:00:00,3,18.677319,73.805487,18.681047,73.789819
274,460.96,2024-01-12 09:00:00,3,18.691317,73.730426,18.415677,73.807615
275,280.1,2024-01-12 10:00:00,3,18.68328,73.845762,18.525638,73.941331
276,275.68,2024-01-12 11:00:00,4,18.542264,73.777033,18.478047,73.783628
277,409.23,2024-01-12 12:00:00,1,18.658613,73.785462,18.619246,73.763211
278,342.48,2024-01-12 13:00:00,3,18.653365,73.792187,18.694389,73.987234
279,365.89,2024-01-12 14:00:00,1,18.49573,73.940908,18.476959,73.702659
280,408.11,2024-01-12 15:00:00,4,18.648675,73.861748,18.596252,73.999346
281,450.5,2024-01-12 16:00:00,2,18.411102,73.793392,18.459429,73.903046
282,202.1,2024-01-12 17:00:00,3,18.578881,73.8831,18.569599,73.948541
283,219.01,2024-01-12 18:00:00,1,18.469003,73.914845,18.53918,73.788386
284,92.29,2024-01-12 19:00:00,1,18.43617,73.781787,18.691602,73.704295
285,310.23,2024-01-12 20:00:00,3,18.423086,73.824065,18.582558,73.921361
286,66.17,2024-01-12 21:00:00,2,18.608887,73.736566,18.504852,73.950243
287,259.52,2024-01-12 22:00:00,2,18.501962,73.754345,18.434229,73.922143
288,294.19,2024-01-12 23:00:00,2,18.61743,73.904335,18.445374,73.742855
289,178.94,2024-01-13 00:00:00,4,18.419607,73.754432,18.467595,73.926028
290,315.87,2024-01-13 01:00:00,1,18.494587,73.857549,18.47529,73.930677
291,63.73,2024-01-13 02:00:00,1,18.561847,73.912714,18.655185,73.897562
292,66.81,2024-01-13 03:00:00,1,18.637217,73.732063,18.568367,73.929835
293,420.17,2024-01-13 04:00:00,4,18.495626,73.870194,18.557017,73.953776
294,212.09,2024-01-13 05:00:00,1,18.587767,73.776969,18.434431,73.884081
295,107.18,2024-01-13 06:00:00,4,18.665793,73.988878,18.658042,73.726581
296,285.01,2024-01-13 07:00:00,2,18.584759,73.845064,18.616844,73.846288
297,396.5,2024-01-13 08:00:00,3,18.469888,73.941798,18.420301,73.723295
298,147.12,2024-01-13 09:00:00,1,18.40732,73.865068,18.612351,73.822263
299,330.3,2024-01-13 10:00:00,1,18.66103,73.713024,18.563061,73.822132
300,88.41,2024-01-13 11:00:00,2,18.406381,73.889945,18.424518,73.719803
301,73.26,2024-01-13 12:00:00,3,18.662411,73.985421,18.53749,73.804646
302,289.11,2024-01-13 13:00:00,4,18.558681,73.880484,18.545409,73.733299
303,293.29,2024-01-13 14:00:00,3,18.68172,73.945757,18.449732,73.942471
304,336.84,2024-01-13 15:00:00,2,18.639635,73.965262,18.683709,73.984306
305,376.74,2024-01-13 16:00:00,2,18.69938,73.768424,18.654993,73.721695
306,489.13,2024-01-13 17:00:00,3,18.505214,73.763613,18.600707,73.986535
307,282.34,2024-01-13 18:00:00,4,18.630156,73.883294,18.538689,73.856773
308,195.33,2024-01-13 19:00:00,4,18.520579,73.823309,18.52353,73.78987
309,407.83,2024-01-13 20:00:00,1,18.543963,73.951958,18.595292,73.723059
310,171.87,2024-01-13 21:00:00,4,18.588252,73.970007,18.56363,73.850187
311,247.54,2024-01-13 22:00:00,3,18.662103,73.806026,18.418682,73.938355
312,85.31,2024-01-13 23:00:00,2,18.695225,73.771061,18.553751,73.912126
313,61.41,2024-01-14 00:00:00,1,18.630482,73.934158,18.641921,73.715068
314,483.19,2024-01-14 01:00:00,1,18.52533,73.782442,18.537772,73.721871
315,426.19,2024-01-14 02:00:00,2,18.526407,73.946784,18.415587,73.820862
316,363.19,2024-01-14 03:00:00,4,18.621275,73.827121,18.635883,73.788587
317,234.03,2024-01-14 04:00:00,2,18.471633,73.900265,18.460409,73.769715
318,127.98,2024-01-14 05:00:00,4,18.433142,73.728661,18.477586,73.784301
319,120.4,2024-01-14 06:00:00,2,18.506387,73.887158,18.449412,73.941045
320,162.61,2024-01-14 07:00:00,3,18.486172,73.83553,18.499065,73.978768
321,297.15,2024-01-14 08:00:00,4,18.488892,73.875983,18.627025,73.821531
322,371.57,2024-01-14 09:00:00,3,18.470082,73.750404,18.555816,73.971833
323,347.09,2024-01-14 10:00:00,1,18.412628,73.921062,18.461464,73.796449
324,175.97,2024-01-14 11:00:00,2,18.405362,73.958839,18.663349,73.842931
325,479.69,2024-01-14 12:00:00,1,18.696317,73.765022,18.663875,73.767809
326,382.05,2024-01-14 13:00:00,1,18.528332,73.728714,18.661174,73.892143
327,299.46,2024-01-14 14:00:00,1,18.515298,73.707092,18.471639,73.993694
328,325.27,2024-01-14 15:00:00,1,18.603894,73.892591,18.535372,73.881048
329,238.82,2024-01-14 16:00:00,2,18.465476,73.882128,18.695497,73.807344
330,161.48,2024-01-14 17:00:00,1,18.684988,73.864009,18.631604,73.894345
331,210.19,2024-01-14 18:00:00,2,18.635904,73.769584,18.40815,73.736876
332,391.03,2024-01-14 19:00:00,2,18.426823,73.817272,18.419561,73.966598
333,56.48,2024-01-14 20:00:00,3,18.525274,73.878343,18.539179,73.850925
334,102.23,2024-01-14 21:00:00,4,18.663735,73.84903,18.672766,73.834805
335,70.7,2024-01-14 22:00:00,4,18.68342,73.996336,18.561611,73.875759
336,68.33,2024-01-14 23:00:00,2,18.54022,73.740932,18.549344,73.887435
337,434.96,2024-01-15 00:00:00,3,18.584023,73.908543,18.431642,73.721533
338,366.65,2024-01-15 01:00:00,2,18.45011,73.821296,18.597034,73.904785
339,263.38,2024-01-15 02:00:00,2,18.697351,73.82846,18.646631,73.77258
340,94.03,2024-01-15 03:00:00,2,18.469502,73.915279,18.514126,73.914186
341,271.23,2024-01-15 04:00:00,3,18.68282,73.907731,18.632684,73.94676
342,263.06,2024-01-15 05:00:00,4,18.594894,73.997377,18.689343,73.941188
343,127.94,2024-01-15 06:00:00,3,18.582321,73.738518,18.46113,73.86575
344,245.23,2024-01-15 07:00:00,1,18.553807,73.731233,18.556999,73.856051
345,229.33,2024-01-15 08:00:00,3,18.469201,73.917302,18.486141,73.742863
346,327.13,2024-01-15 09:00:00,3,18.452958,73.873516,18.637856,73.932604
347,335.79,2024-01-15 10:00:00,3,18.466146,73.782248,18.573278,73.781423
348,70.39,2024-01-15 11:00:00,3,18.455931,73.723826,18.590375,73.849009
349,218.58,2024-01-15 12:00:00,4,18.633875,73.725697,18.639374,73.785282
350,331.64,2024-01-15 13:00:00,1,18.505038,73.968257,18.518791,73.740149
351,276.41,2024-01-15 14:00:00,4,18.417353,73.75756,18.674527,73.888867
352,435.42,2024-01-15 15:00:00,4,18.690731,73.797011,18.559909,73.7163
353,346.41,2024-01-15 16:00:00,3,18.665136,73.767997,18.447386,73.924594
354,123.32,2024-01-15 17:00:00,2,18.678326,73.806499,18.60877,73.795276
355,81.76,2024-01-15 18:00:00,2,18.698472,73.720827,18.637978,73.70004
356,339.09,2024-01-15 19:00:00,4,18.452169,73.855718,18.495029,73.853339
357,61.93,2024-01-15 20:00:00,4,18.518873,73.720284,18.657154,73.714056
358,313.6,2024-01-15 21:00:00,3,18.627472,73.940107,18.671843,73.782851
359,473.1,2024-01-15 22:00:00,4,18.608806,73.770114,18.483071,73.912093
360,308.96,2024-01-15 23:00:00,3,18.446169,73.862004,18.695056,73.718807
361,224.68,2024-01-16 00:00:00,2,18.64475,73.964024,18.442213,73.951802
362,339.48,2024-01-16 01:00:00,2,18.467332,73.895263,18.460605,73.701146
363,256.21,2024-01-16 02:00:00,1,18.467145,73.859887,18.455267,73.774047
364,295.53,2024-01-16 03:00:00,2,18.561092,73.7973,18.668197,73.922271
365,473.66,2024-01-16 04:00:00,4,18.577882,73.799901,18.596288,73.794881
366,223.75,2024-01-16 05:00:00,2,18.574026,73.900846,18.445631,73.730568
367,482.54,2024-01-16 06:00:00,3,18.427446,73.998242,18.532097,73.80807
368,457.41,2024-01-16 07:00:00,2,18.663238,73.898552,18.584589,73.781118
369,138.11,2024-01-16 08:00:00,1,18.47968,73.867335,18.425039,73.952814
370,81.21,2024-01-16 09:00:00,2,18.438854,73.919195,18.664725,73.794004
371,95.35,2024-01-16 10:00:00,3,18.666624,73.839562,18.641081,73.93668
372,58.2,2024-01-16 11:00:00,3,18.686695,73.718043,18.551562,73.967562
373,92.5,2024-01-16 12:00:00,4,18.658638,73.868689,18.690138,73.830145
374,357.35,2024-01-16 13:00:00,2,18.642855,73.987288,18.525328,73.972983
375,82.03,2024-01-16 14:00:00,3,18.596573,73.752591,18.695233,73.813195
376,193.54,2024-01-16 15:00:00,1,18.565257,73.907001,18.600376,73.989224
377,430.19,2024-01-16 16:00:00,4,18.426096,73.76028,18.590401,73.726787
378,60.47,2024-01-16 17:00:00,1,18.522536,73.860748,18.449786,73.906106
379,416.51,2024-01-16 18:00:00,2,18.511807,73.729003,18.664578,73.848144
380,176.83,2024-01-16 19:00:00,2,18.477926,73.835111,18.528247,73.816295
381,103.17,2024-01-16 20:00:00,2,18.617026,73.926849,18.44867,73.889814
382,363.53,2024-01-16 21:00:00,4,18.548763,73.804271,18.403782,73.911157
383,333.02,2024-01-16 22:00:00,3,18.424314,73.899474,18.567927,73.701309
384,444.86,2024-01-16 23:00:00,4,18.466055,73.938635,18.55822,73.750086
385,380.78,2024-01-17 00:00:00,1,18.604978,73.978153,18.615806,73.913914
386,411.57,2024-01-17 01:00:00,4,18.422839,73.770393,18.667077,73.899916
387,176.92,2024-01-17 02:00:00,1,18.655362,73.819795,18.423822,73.989814
388,129.85,2024-01-17 03:00:00,4,18.548544,73.745725,18.619449,73.928311
389,387.78,2024-01-17 04:00:00,3,18.544176,73.997745,18.456224,73.985232
390,413.08,2024-01-17 05:00:00,1,18.577722,73.9781,18.657453,73.910762
391,495.73,2024-01-17 06:00:00,2,18.647404,73.861987,18.645719,73.789416
392,235.68,2024-01-17 07:00:00,2,18.504343,73.95261,18.562238,73.731609
393,217.41,2024-01-17 08:00:00,4,18.603405,73.856287,18.613073,73.934547
394,399.39,2024-01-17 09:00:00,2,18.56972,73.887076,18.494305,73.893245
395,203.36,2024-01-17 10:00:00,1,18.480108,73.726737,18.54135,73.714456
396,468.84,2024-01-17 11:00:00,2,18.663589,73.926581,18.646491,73.808015
397,436.29,2024-01-17 12:00:00,3,18.639228,73.738314,18.53778,73.98704
398,243.05,2024-01-17 13:00:00,3,18.597536,73.94782,18.507339,73.85012
399,387.89,2024-01-17 14:00:00,4,18.655175,73.934608,18.548264,73.829819
400,389.54,2024-01-17 15:00:00,1,18.660188,73.912623,18.648475,73.83731
401,96.41,2024-01-17 16:00:00,3,18.612509,73.710848,18.500562,73.762665
402,456.15,2024-01-17 17:00:00,3,18.651104,73.790939,18.452128,73.810612
403,277.36,2024-01-17 18:00:00,1,18.609241,73.778934,18.613604,73.810944
404,421.91,2024-01-17 19:00:00,2,18.604042,73.808041,18.647793,73.715707
405,194.02,2024-01-17 20:00:00,2,18.585583,73.726293,18.430191,73.93027
406,452.99,2024-01-17 21:00:00,4,18.625815,73.981087,18.471962,73.824951
407,225.14,2024-01-17 22:00:00,2,18.447582,73.866141,18.442592,73.946654
408,54.88,2024-01-17 23:00:00,1,18.664261,73.791657,18.504382,73.955104
409,457.42,2024-01-18 00:00:00,3,18.661553,73.819094,18.535105,73.763598
410,91.08,2024-01-18 01:00:00,2,18.408774,73.834161,18.624648,73.897206
411,193.69,2024-01-18 02:00:00,4,18.647745,73.880178,18.595344,73.841685
412,477.53,2024-01-18 03:00:00,2,18.438661,73.854704,18.586279,73.964047
413,477.77,2024-01-18 04:00:00,1,18.500536,73.975818,18.505712,73.764722
414,308.05,2024-01-18 05:00:00,4,18.623052,73.849089,18.652434,73.903344
415,334.33,2024-01-18 06:00:00,2,18.448228,73.997647,18.541386,73.882326
416,251.8,2024-01-18 07:00:00,4,18.64539,73.955427,18.693731,73.78859
417,181.94,2024-01-18 08:00:00,1,18.64964,73.762553,18.590243,73.74098
418,197.9,2024-01-18 09:00:00,3,18.55224,73.979179,18.437879,73.895492
419,352.63,2024-01-18 10:00:00,1,18.401916,73.73491,18.602853,73.921579
420,388.57,2024-01-18 11:00:00,1,18.486111,73.945235,18.497531,73.794688
421,406.21,2024-01-18 12:00:00,1,18.585078,73.814187,18.605898,73.89345
422,405.33,2024-01-18 13:00:00,1,18.694356,73.963392,18.420892,73.818539
423,91.04,2024-01-18 14:00:00,3,18.589544,73.960417,18.452464,73.913962
424,272.49,2024-01-18 15:00:00,3,18.477941,73.941778,18.656721,73.759765
425,75.9,2024-01-18 16:00:00,4,18.590202,73.937009,18.468154,73.967065
426,297.29,2024-01-18 17:00:00,2,18.561996,73.791404,18.651112,73.786223
427,248.69,2024-01-18 18:00:00,3,18.633954,73.724276,18.483783,73.810336
428,449.47,2024-01-18 19:00:00,3,18.432094,73.820894,18.592865,73.717428
429,207.91,2024-01-18 20:00:00,2,18.628308,73.752057,18.608245,73.733454
430,102.68,2024-01-18 21:00:00,3,18.56238,73.908485,18.553796,73.854759
431,114.35,2024-01-18 22:00:00,1,18.688898,73.80383,18.491593,73.780278
432,392.68,2024-01-18 23:00:00,1,18.502562,73.992683,18.463793,73.950644
433,328.2,2024-01-19 00:00:00,2,18.589787,73.892292,18.409957,73.704408
434,95.51,2024-01-19 01:00:00,4,18.679608,73.946744,18.491184,73.813728
435,87.85,2024-01-19 02:00:00,4,18.430753,73.739757,18.595949,73.801204
436,365.44,2024-01-19 03:00:00,2,18.681169,73.958604,18.681491,73.705798
437,82.74,2024-01-19 04:00:00,2,18.606366,73.976827,18.661361,73.737311
438,419.84,2024-01-19 05:00:00,1,18.420351,73.846119,18.629819,73.824093
439,367.81,2024-01-19 06:00:00,4,18.490289,73.881876,18.636534,73.847859
440,86.61,2024-01-19 07:00:00,3,18.612452,73.929443,18.599495,73.821287
441,88.18,2024-01-19 08:00:00,1,18.420205,73.752452,18.478086,73.859281
442,493.99,2024-01-19 09:00:00,2,18.574651,73.85077,18.672159,73.87854
443,218.42,2024-01-19 10:00:00,4,18.503765,73.819599,18.60122,73.702977
444,216.79,2024-01-19 11:00:00,3,18.586275,73.743912,18.568132,73.839229
445,415.76,2024-01-19 12:00:00,3,18.413723,73.81026,18.433297,73.98905
446,476.26,2024-01-19 13:00:00,1,18.661461,73.720452,18.534117,73.85571
447,493.7,2024-01-19 14:00:00,4,18.692047,73.707744,18.538107,73.903263
448,389.02,2024-01-19 15:00:00,4,18.690663,73.74055,18.659369,73.793559
449,219.32,2024-01-19 16:00:00,2,18.624896,73.988935,18.563994,73.932197
450,87.58,2024-01-19 17:00:00,4,18.439026,73.864859,18.51412,73.931876
451,399.72,2024-01-19 18:00:00,4,18.627479,73.989747,18.69304,73.856389
452,301.28,2024-01-19 19:00:00,1,18.407376,73.829749,18.433216,73.992804
453,240.9,2024-01-19 20:00:00,4,18.406637,73.793545,18.526765,73.737665
454,457.86,2024-01-19 21:00:00,3,18.497083,73.851843,18.412607,73.705084
455,100.04,2024-01-19 22:00:00,1,18.546593,73.831854,18.621971,73.931047
456,271.68,2024-01-19 23:00:00,1,18.631122,73.731699,18.675423,73.942147
457,55.11,2024-01-20 00:00:00,2,18.604989,73.892248,18.484011,73.736062
458,260.9,2024-01-20 01:00:00,4,18.533771,73.764811,18.657503,73.779675
459,75.34,2024-01-20 02:00:00,2,18.482088,73.885876,18.487665,73.705266
460,103.47,2024-01-20 03:00:00,3,18.699137,73.89506,18.673231,73.787993
461,102.89,2024-01-20 04:00:00,1,18.527854,73.745607,18.626189,73.931943
462,342.14,2024-01-20 05:00:00,1,18.535416,73.718405,18.641472,73.855388
463,385.72,2024-01-20 06:00:00,1,18.449087,73.934228,18.405402,73.804429
464,312.52,2024-01-20 07:00:00,3,18.638443,73.83794,18.688843,73.811522
465,482.98,2024-01-20 08:00:00,3,18.608105,73.717449,18.618001,73.700406
466,218.69,2024-01-20 09:00:00,2,18.466231,73.99846,18.491425,73.78994
467,178.57,2024-01-20 10:00:00,2,18.424714,73.717334,18.648818,73.893938
468,440.87,2024-01-20 11:00:00,2,18.60415,73.908511,18.484456,73.992258
469,150.62,2024-01-20 12:00:00,4,18.596353,73.995104,18.661826,73.954118
470,483.45,2024-01-20 13:00:00,1,18.481978,73.771754,18.433774,73.707078
471,55.47,2024-01-20 14:00:00,1,18.685259,73.742675,18.611106,73.969568
472,486.45,2024-01-20 15:00:00,2,18.445317,73.736415,18.56221,73.93496
473,69.42,2024-01-20 16:00:00,1,18.5297,73.790983,18.42896,73.934113
474,451.01,2024-01-20 17:00:00,2,18.683085,73.730314,18.472568,73.837399
475,287.47,2024-01-20 18:00:00,4,18.525918,73.907648,18.403721,73.819402
476,496.83,2024-01-20 19:00:00,4,18.591558,73.718688,18.54063,73.790875
477,83.21,2024-01-20 20:00:00,3,18.519278,73.852827,18.49038,73.719708
478,299.23,2024-01-20 21:00:00,4,18.482265,73.999009,18.579507,73.768471
479,486.19,2024-01-20 22:00:00,2,18.695193,73.944191,18.489171,73.773981
480,285.39,2024-01-20 23:00:00,4,18.5228,73.884566,18.489976,73.845223
481,333.23,2024-01-21 00:00:00,3,18.66823,73.791876,18.622958,73.924233
482,363.09,2024-01-21 01:00:00,1,18.468986,73.887169,18.414443,73.842143
483,254.54,2024-01-21 02:00:00,2,18.463931,73.858112,18.670868,73.717353
484,332.4,2024-01-21 03:00:00,1,18.40934,73.827825,18.655679,73.987337
485,312.94,2024-01-21 04:00:00,3,18.5955,73.739213,18.600341,73.982817
486,455.52,2024-01-21 05:00:00,3,18.510558,73.965981,18.577966,73.935557
487,70.45,2024-01-21 06:00:00,3,18.659307,73.834935,18.667691,73.997398
488,176.43,2024-01-21 07:00:00,1,18.541963,73.758387,18.455599,73.863345
489,477.69,2024-01-21 08:00:00,1,18.690458,73.810328,18.423691,73.988831
490,450.62,2024-01-21 09:00:00,1,18.455658,73.824239,18.471853,73.722682
491,255.05,2024-01-21 10:00:00,1,18.660587,73.948261,18.638373,73.809704
492,329.06,2024-01-21 11:00:00,3,18.632979,73.920084,18.410401,73.767614
493,174.82,2024-01-21 12:00:00,3,18.631277,73.930791,18.574842,73.75875
494,134.65,2024-01-21 13:00:00,2,18.653435,73.703309,18.698631,73.742241
495,258.66,2024-01-21 14:00:00,2,18.628307,73.824846,18.656709,73.886724
496,209.01,2024-01-21 15:00:00,1,18.587866,73.844403,18.556434,73.934397
497,312.65,2024-01-21 16:00:00,4,18.439373,73.705758,18.419092,73.87349
498,84.98,2024-01-21 17:00:00,4,18.409758,73.777944,18.649412,73.744089
499,488.48,2024-01-21 18:00:00,3,18.676254,73.928087,18.579694,73.943337
500,493.79,2024-01-21 19:00:00,3,18.584995,73.741133,18.43448,73.890786
